Days,Risktest
0,0.011038622
1,0.011038402
2,0.010973042
3,0.010484357
4,9.48E-03
5,2.52E-03
6,2.20E-03
7,1.95E-03
8,1.77E-03
9,1.64E-03
10,1.54E-03
11,1.46E-03
12,1.38E-03
13,9.82E-04
14,6.90E-04
15,4.51E-04
16,2.84E-04
17,1.74E-04
18,1.06E-04
19,6.40E-05
20,3.90E-05
21,2.39E-05
22,1.48E-05
23,9.10E-06
24,5.69E-06
25,3.51E-06
26,2.18E-06
27,1.38E-06
